name,category,place_id,email,contact_role,review_status,source_urls,businesses_sharing_email
24th Cheesecakerie,bakery,osm:way:1278920673,24thcheesecakerie@gmail.com,public_business_contact_candidate,source_review_required,"https://www.24thcheesecakerie.com/,https://www.24thcheesecakerie.com/about-us,https://www.24thcheesecakerie.com/contact,https://www.24thcheesecakerie.com/locations",1
24th Cheesecakerie,bakery,osm:way:1278920673,24thchessecakerie@gmail.com,public_business_contact_candidate,location_identity_review_required,https://www.24thcheesecakerie.com/about-us,1
Alley Bar,bar,osm:node:4787322481,info@a2alleybar.com,business_general,published_contact_only,https://www.a2alleybar.com/,1
Anna's House,restaurant,osm:node:2906054423,annarbor@annashouseus.com,public_business_contact_candidate,source_review_required,https://annashouseus.com/locations/,1
Ashley's Ann Arbor,bar,osm:node:749007070,info@ashleys.com,public_business_contact_candidate,source_review_required,"https://ashleys.com/,https://ashleys.com/ann-arbor-state-street-district-ashley-s-about",1
Aventura,restaurant,osm:node:4935570672,info@aventuraannarbor.com,public_business_contact_candidate,source_review_required,"https://www.aventuraannarbor.com/,https://www.aventuraannarbor.com/about,https://www.aventuraannarbor.com/contact",1
Azalea,restaurant,osm:node:2760098975,azalea.annarbor@gmail.com,public_business_contact_candidate,source_review_required,https://azaleami.com/,1
BO's Bagels,fast_food,osm:node:14045913845,info@bosbagels.com,public_business_contact_candidate,source_review_required,"https://www.bosbagels.com/about.html,https://www.bosbagels.com/contact.html,https://www.bosbagels.com/index.html,https://www.bosbagels.com/locations.html",1
BTB Burrito,fast_food,osm:node:4781784136,info@btbburrito.com,public_business_contact_candidate,source_review_required,"https://btbburrito.com/,https://btbburrito.com/page/contact",1
Baba Dari,restaurant,osm:way:277376052,nash@babadari.com,public_business_contact_candidate,published_contact_only,https://babadari.com/page/contact-us,1
Bakehouse 46,bakery,osm:node:4837097558,info@bakehouse46.com,public_business_contact_candidate,corporate_shared_inbox,https://www.bakehouse46.com/locations/,1
Bambu,cafe,osm:node:12070720131,annarbor@drinkbambu.com,public_business_contact_candidate,source_review_required,https://www.drinkbambu.com/location-pages/bambu-ann-arbor,1
Bandito's,restaurant,osm:node:11945639757,kpsardar@hotmail.com,business_contact,location_identity_review_required,https://banditosmi.com/privacy-policy/,1
Bearclaw Coffee Co.,cafe,osm:way:442872450,cb@bearclawcoffee.com,public_business_contact_candidate,corporate_shared_inbox,https://www.bearclawcoffee.com/locations,1
Bearclaw Coffee Co.,cafe,osm:way:442872450,logan@bearclawcoffee.com,public_business_contact_candidate,corporate_shared_inbox,"https://www.bearclawcoffee.com/,https://www.bearclawcoffee.com/contact-us,https://www.bearclawcoffee.com/locations",1
Beyond Juicery + Eatery,restaurant,osm:node:13900141067,support@beyondjuiceryeatery.com,public_business_contact_candidate,corporate_shared_inbox,"https://beyondjuiceryeatery.com/location/ann-arbor-south-university/,https://beyondjuiceryeatery.com/location/ann-arbor-uptown/,https://beyondjuiceryeatery.com/location/ann-arbor-washtenaw/,https://beyondjuiceryeatery.com/locations/",2
Beyond Juicery + Eatery,restaurant,osm:node:9403993529,support@beyondjuiceryeatery.com,corporate_support,corporate_shared_inbox,https://beyondjuiceryeatery.com/locations/,2
Biggby Coffee,cafe,osm:node:4438417268,feedback@biggby.com,corporate_support,corporate_shared_inbox,https://feedback.biggby.com/support/solutions/articles/66000501035-customer-feedback,1
Black Diesel Coffee,cafe,osm:node:6392687559,info@bdbaristaschool.com,public_business_contact_candidate,location_identity_review_required,https://www.blackdieselcoffee.com/contact,1
Black Diesel Coffee,cafe,osm:node:6392687559,info@blackdieselcoffee.com,public_business_contact_candidate,source_review_required,"https://www.blackdieselcoffee.com/,https://www.blackdieselcoffee.com/contact",1
Black Pearl,restaurant,osm:node:2760098969,info@blackpearlannarbor.com,general,location_identity_review_required,https://www.blackpearlannarbor.com/contact-us,2
Black Rock Grill,restaurant,osm:way:707351595,giftcards@blackrockcorporate.com,public_business_contact_candidate,corporate_shared_inbox,https://www.blackrockrestaurants.com/,1
Blank Slate Creamery,dessert,osm:way:441966476,blankslatecreamery2014@gmail.com,public_business_contact_candidate,source_review_required,"http://www.blankslatecreamery.com/,http://www.blankslatecreamery.com/faqs",1
Blank Slate Creamery,dessert,osm:way:441966476,janice@blankslatecreamery.com,public_business_contact_candidate,source_review_required,"http://www.blankslatecreamery.com/,http://www.blankslatecreamery.com/faqs",1
Bløm Mead + Cider,bar,osm:node:12842602123,hello@drinkblom.com,public_business_contact_candidate,source_review_required,"https://www.drinkblom.com/,https://www.drinkblom.com/about-us,https://www.drinkblom.com/find-us",1
Bon Bon Bon,dessert,osm:node:9111965899,bonbonbon@bonbonbon.com,public_business_contact_candidate,source_review_required,https://bonbonbon.com/pages/contact,1
Bon Bon Bon,dessert,osm:node:9111965899,sales@bonbonbon.com,public_business_contact_candidate,source_review_required,https://bonbonbon.com/pages/contact,1
Bora Bora Smoothie Cafe,restaurant,osm:node:2760098968,hi@boraborausa.com,corporate,location_identity_review_required,https://www.boraborausa.com/about/,1
Broadway Cafe,restaurant,osm:node:5173655313,broadwaycafehoagie@gmail.com,public_business_contact_candidate,source_review_required,"https://broadwaycafea2.com/,https://broadwaycafea2.com/contact",1
Cafe Verde,cafe,osm:node:4997286406,bcoluni@peoplesfood.coop,public_business_contact_candidate,location_identity_review_required,https://peoplesfood.coop/newsite/about/pfc-board/board-news/,1
Cafe Verde,cafe,osm:node:4997286406,gm@peoples.coop,public_business_contact_candidate,location_identity_review_required,https://peoplesfood.coop/newsite/about/contact-location/,1
Cafe Verde,cafe,osm:node:4997286406,info@peoplesfood.coop,public_business_contact_candidate,source_review_required,"https://peoplesfood.coop/newsite/about/contact-location/,https://peoplesfood.coop/newsite/about/pfc-board/,https://peoplesfood.coop/newsite/about/pfc-board/board-news/,https://peoplesfood.coop/store-cafe/",1
Cafe Verde,cafe,osm:node:4997286406,president@peoplesfood.coop,public_business_contact_candidate,source_review_required,https://peoplesfood.coop/newsite/about/pfc-board/,1
Café Zola,cafe,osm:node:4919630431,zolareservations@gmail.com,events_or_reservations,source_review_required,https://www.cafezola.com/content/,1
Cakes by Rubina,bakery,osm:node:8366066759,info@cakesbyrubina.com,public_business_contact_candidate,source_review_required,"http://www.cakesbyrubina.com/,http://www.cakesbyrubina.com/AboutUs.htm,http://www.cakesbyrubina.com/ContactUs.htm",1
Campo Pizza,restaurant,osm:node:14065577360,info@campopizza.com,public_business_contact_candidate,source_review_required,https://www.campopizza.com/,1
Campo Pizza,restaurant,osm:node:14065577360,sara@homesbrewery.com,public_business_contact_candidate,corporate_shared_inbox,"https://www.campopizza.com/,https://www.campopizza.com/hoursandlocation,https://www.campopizza.com/location-1",1
Cannelle,dessert,osm:node:13550863983,info@goldenwheatbakehouse.com,public_business_contact_candidate,location_identity_review_required,"https://www.mkcannelle.com/cannelle-annarbor,https://www.mkcannelle.com/contact-us,https://www.mkcannelle.com/news",1
Cantina,restaurant,osm:node:5007708559,info@cantinaannarbor.com,public_business_contact_candidate,source_review_required,"https://cantinaannarbor.com/,https://cantinaannarbor.com/contact",1
Chick N' Seafood Spot,restaurant,osm:way:383453099,anis00776@gmail.com,public_business_contact_candidate,source_review_required,https://chicknseafoodspot.com/,1
Cold Stone Creamery,dessert,osm:node:5914646541,mycoldstoneclub@kahalamgmt.com,public_business_contact_candidate,corporate_shared_inbox,https://www.coldstonecreamery.com/contact-us/,1
Connor O'Neils,bar,osm:node:2760098977,info@conoroneills.com,public_business_contact_candidate,source_review_required,"https://www.conoroneills.com/,https://www.conoroneills.com/contact",1
Coratti's Pizzeria,restaurant,osm:node:5024950006,annarbor@corattispizzeria.com,public_business_contact_candidate,source_review_required,"https://www.corattispizzeria.com/ann-arbor,https://www.corattispizzeria.com/howell,https://www.corattispizzeria.com/locations,https://www.corattispizzeria.com/napoletana-certification",1
Coratti's Pizzeria,restaurant,osm:node:5024950006,info@corattispizzeria.com,public_business_contact_candidate,source_review_required,"https://www.corattispizzeria.com/ann-arbor,https://www.corattispizzeria.com/howell,https://www.corattispizzeria.com/locations,https://www.corattispizzeria.com/napoletana-certification",1
Cosa Sabrosa,fast_food,osm:node:8775094989,info@cosasabrosa.com,public_business_contact_candidate,source_review_required,"http://www.cosasabrosa.com/,http://www.cosasabrosa.com/find-us.html",1
Cupsnchai,cafe,osm:node:12552394003,support@cupsnchai.com,public_business_contact_candidate,source_review_required,"https://cupsnchai.com/contact-us/,https://cupsnchai.com/south-asian-cafe-in-michigan/",1
Curious Coffee,cafe,osm:node:12842602124,info@curious-coffee.com,general,location_identity_review_required,https://www.curious-coffee.com/home,1
Detroit Street Filling Station,restaurant,osm:way:330177946,detroitstreetfillingstation@gmail.com,public_business_contact_candidate,source_review_required,https://thelunchrooma2.com/detroit-street-filling-station-1,1
Detroit Street Filling Station,restaurant,osm:way:330177946,thelunchrooma2@gmail.com,public_business_contact_candidate,source_review_required,https://thelunchrooma2.com/contact-1,2
Detroit Street Filling Station,restaurant,osm:way:330177946,thelunchroombakery@gmail.com,public_business_contact_candidate,source_review_required,https://thelunchrooma2.com/detroit-street-filling-station-1,2
Don Juan Mexican Bar & Grill,restaurant,osm:node:4396703021,losamigosmr@gmail.com,public_business_contact_candidate,corporate_shared_inbox,https://donjuanandlosamigos.net/west-stadium,1
Dunkin',restaurant,osm:node:4837688325,customerservice@dunkinbrands.com,corporate_support,corporate_shared_inbox,https://news.dunkindonuts.com/contacts,1
Earthen Jar,restaurant,osm:node:3033183135,contact@earthenjar.com,public_business_contact_candidate,source_review_required,"https://www.earthenjar.com/,https://www.earthenjar.com/about.html,https://www.earthenjar.com/contact.html,https://www.earthenjar.com/locations.html",1
Echelon Kitchen & Bar,restaurant,osm:node:4787322461,info@echelonkitchenandbar.com,public_business_contact_candidate,source_review_required,https://www.echelonkitchenandbar.com/location/echelon-kitchen-and-bar/,1
El Harissa Market Cafe,restaurant,osm:node:2912189330,elharissaannarbor@gmail.com,public_business_contact_candidate,source_review_required,"https://elharissaa2.com/,https://elharissaa2.com/contact/",1
Everest Sherpa,restaurant,osm:node:13958912941,info@everestsherparestaurant.com,public_business_contact_candidate,source_review_required,https://www.everestsherparestaurant.com/,1
First Watch,restaurant,osm:node:10798127691,avotoast@goodmorning.firstwatch.com,public_business_contact_candidate,corporate_shared_inbox,https://firstwatch.com/contact,1
Fraser's Pub,bar,osm:way:329462347,contactus@fraserspub.com,public_business_contact_candidate,source_review_required,https://www.fraserspub.com/,1
Frita Batidos,restaurant,osm:node:4787322460,frita@fritabatidos.com,public_business_contact_candidate,source_review_required,https://fritabatidos.com/ann-arbor/contact/,1
Get Away N’ Play Café,fast_food,osm:node:12152012391,case-calvin@aramark.com,public_business_contact_candidate,location_identity_review_required,https://michiganmedicine.mydininghub.com/en/contact-us,2
Get Away N’ Play Café,fast_food,osm:node:12152012391,clark-bria@aramark.com,public_business_contact_candidate,location_identity_review_required,https://michiganmedicine.mydininghub.com/en/contact-us,2
Get Away N’ Play Café,fast_food,osm:node:12152012391,garvey-nicholas@aramark.com,public_business_contact_candidate,location_identity_review_required,https://michiganmedicine.mydininghub.com/en/contact-us,2
Get Away N’ Play Café,fast_food,osm:node:12152012391,hasho-jeffrey@aramark.com,public_business_contact_candidate,location_identity_review_required,https://michiganmedicine.mydininghub.com/en/contact-us,2
Ginger Deli,restaurant,osm:node:10542046199,gingerdelia2@gmail.com,catering,published_contact_only,https://www.gingerdeli.com/contact,2
Ginger Deli,fast_food,osm:node:3077164776,gingerdelia2@gmail.com,business_catering,location_identity_review_required,https://www.gingerdeli.com/contact,2
Good Time Charley's,bar,osm:node:560917683,info@charleysannarbor.com,public_business_contact_candidate,source_review_required,https://www.charleysannarbor.com/,1
Grand Grounds,cafe,osm:node:12152091521,case-calvin@aramark.com,public_business_contact_candidate,location_identity_review_required,https://michiganmedicine.mydininghub.com/en/contact-us,2
Grand Grounds,cafe,osm:node:12152091521,clark-bria@aramark.com,public_business_contact_candidate,location_identity_review_required,https://michiganmedicine.mydininghub.com/en/contact-us,2
Grand Grounds,cafe,osm:node:12152091521,garvey-nicholas@aramark.com,public_business_contact_candidate,location_identity_review_required,https://michiganmedicine.mydininghub.com/en/contact-us,2
Grand Grounds,cafe,osm:node:12152091521,hasho-jeffrey@aramark.com,public_business_contact_candidate,location_identity_review_required,https://michiganmedicine.mydininghub.com/en/contact-us,2
Grizzly Peak Brewing Company,restaurant,osm:node:2758567958,manager@grizzlypeak.net,public_business_contact_candidate,source_review_required,https://www.grizzlypeak.net/,1
HOMES Can Shop & Smooj Lab,bar,osm:node:9807443905,info@homesbrewery.com,shared_business_group,location_identity_review_required,https://www.homescampus.com/info,2
Hazel Coffee Co.,cafe,osm:node:13294975523,hazelcoffeeco@gmail.com,public_business_contact_candidate,source_review_required,"https://www.hazelcoffee.co/,https://www.hazelcoffee.co/about,https://www.hazelcoffee.co/contact",1
Hillel Cafe,cafe,osm:node:4923016825,dredman@umich.edu,institutional_catering,corporate_shared_inbox,https://michiganhillel.org/hillel-cafe/,1
Hola Seoul,restaurant,osm:node:4842861418,a2holaseoul715@gmail.com,public_business_contact_candidate,source_review_required,https://holaseoul.com/,1
Homes Brewery,bar,osm:way:441445542,info@homesbrewery.com,shared_business_group,corporate_shared_inbox,https://www.homescampus.com/info,2
Hyperion Coffee Co,cafe,osm:node:9915460327,cafe@hyperioncoffee.com,public_business_contact_candidate,source_review_required,https://www.hyperioncoffee.com/contact,1
Hyperion Coffee Co,cafe,osm:node:9915460327,hyperioncoffeeco@gmail.com,public_business_contact_candidate,source_review_required,https://www.hyperioncoffee.com/contact,1
Hyperion Coffee Co,cafe,osm:node:9915460327,orders@hyperioncoffee.com,public_business_contact_candidate,source_review_required,https://www.hyperioncoffee.com/contact,1
Ichiban,restaurant,osm:way:93681657,info@ichibanrestaurants.com,public_business_contact_candidate,source_review_required,https://ichibanrestaurants.com/contact/,1
Iggy's Eggies,restaurant,osm:node:9092417188,inbox@iggyseggies.com,public_business_contact_candidate,source_review_required,https://iggyseggies.com/,1
Iorio Gelato,dessert,osm:node:10542067711,ciao@ioriosgelato.com,corporate,location_identity_review_required,https://www.ioriosgelato.com/locations-1,1
JJ Crab House,restaurant,osm:node:8775045378,info@jjcrabhouse.com,public_business_contact_candidate,source_review_required,https://www.jjcrabhouse.com/,1
Jamaican Jerk Pit,restaurant,osm:node:2760098986,info@jamaicanjerkpit.com,public_business_contact_candidate,source_review_required,"http://jamaicanjerkpit.com/,http://jamaicanjerkpit.com/about/,http://jamaicanjerkpit.com/contact/",1
Jolly Pumpkin,bar,osm:node:2760098965,manager.aa@jollypumpkin.com,public_business_contact_candidate,source_review_required,https://annarbor.jollypumpkin.com/,1
Kang's,restaurant,osm:node:4792172900,kangkorean1986@gmail.com,public_business_contact_candidate,source_review_required,http://www.kangsannarbor.com/contact,1
Kang's,restaurant,osm:node:4792172900,kangsrestaurant@gmail.com,public_business_contact_candidate,source_review_required,"http://www.kangsannarbor.com/,http://www.kangsannarbor.com/aboutus,http://www.kangsannarbor.com/contact",1
Knight's Steakhouse,restaurant,osm:way:339994751,feedback@knightsrestaurants.com,public_business_contact_candidate,source_review_required,https://knightsrestaurants.com/contact-knights,1
Krazy Jim's Blimpy Burger,fast_food,osm:way:495081617,info@blimpyburger.com,public_business_contact_candidate,source_review_required,"https://www.blimpyburger.com/,https://www.blimpyburger.com/about,https://www.blimpyburger.com/contact",1
Lan City Noodle Bar,restaurant,osm:node:9403993528,support@lancity.com,general_business_unconfirmed,location_identity_review_required,https://nextdoor.com/pages/lan-city-noodle-bar-ann-arbor-ann-arbor-mi/,1
Le Bon Macaron,bakery,osm:node:7560861824,bonjour@lebonmacaron.com,public_business_contact_candidate,source_review_required,"https://lebonmacaron.com/ann-arbor/,https://lebonmacaron.com/contact/,https://lebonmacaron.com/contact/?s=,https://lebonmacaron.com/locations/",1
Lefty's Cheesesteak,fast_food,osm:node:4660566134,charlie@theleftys.com,public_business_contact_candidate,corporate_shared_inbox,"https://eatleftys.com/about/,https://eatleftys.com/contact-us/,https://eatleftys.com/locations/,https://eatleftys.com/locations/ann-arbor/",1
Lowertown Bar & Cafe,cafe,osm:node:4964930186,hello@lowertowna2.com,public_business_contact_candidate,source_review_required,https://lowertowna2.com/contact,1
M-36 Coffee Roasters,cafe,osm:node:3072665436,info@m36coffeeroasters.com,public_business_contact_candidate,source_review_required,"https://m36coffeeroasters.com/,https://m36coffeeroasters.com/pages/about-us,https://m36coffeeroasters.com/pages/contact,https://m36coffeeroasters.com/pages/wholesale-contact-page",1
Macino's Pizza & Grinders,restaurant,osm:node:14007215442,a2mancinos@yahoo.com,public_business_contact_candidate,source_review_required,"https://www.a2mancinos.com/,https://www.a2mancinos.com/contact",1
Mani Osteria and Bar,restaurant,osm:node:4992709781,contact@mani-a2.com,public_business_contact_candidate,source_review_required,"https://maniosteria.com/,https://maniosteria.com/contact/",1
Mani Osteria and Bar,restaurant,osm:node:4992709781,events@cascabel.us,events_or_reservations,source_review_required,"https://maniosteria.com/,https://maniosteria.com/contact/",1
Marzipops,dessert,osm:node:13603902327,hello@marzipops.com,public_business_contact_candidate,source_review_required,"https://marzipops.com/pages/contact-us,https://marzipops.com/pages/contact-us-new",1
Mediteranno,restaurant,osm:node:11139240503,kroumanis@mediterrano.com,business_contact,published_contact_only,https://mediterrano.com/,1
Milk & Froth Ice Cream,dessert,osm:node:2760098979,hello@milkandfroth.com,public_business_contact_candidate,source_review_required,https://www.milkandfroth.com/,1
Milk & Froth Ice Cream,dessert,osm:node:2760098979,wholesale@milkandfroth.com,public_business_contact_candidate,source_review_required,https://www.milkandfroth.com/,1
Mindo Chocolate Makers,dessert,osm:way:466601182,info@mindochocolate.com,public_business_contact_candidate,source_review_required,"https://mindochocolate.com/pages/contact-us,https://mindochocolate.com/policies/contact-information",1
Misfit Society Coffee Club,cafe,osm:node:13340511601,info@misfitsocietycoffee.com,shared_business_contact,location_identity_review_required,https://linktr.ee/misfitsocietycoffee,1
Miss Kim,restaurant,osm:node:8058162855,misskim@zingermans.com,public_business_contact_candidate,source_review_required,https://misskimannarbor.com/,1
Moka and Co,cafe,osm:node:4854334139,corp@mokanco.com,public_business_contact_candidate,corporate_shared_inbox,"https://mokanco.com/about-us/,https://mokanco.com/ann-arbor/,https://mokanco.com/contact/,https://mokanco.com/locations/",1
Moka and Co,cafe,osm:node:4854334139,customersatisfaction@mokanco.com,public_business_contact_candidate,corporate_shared_inbox,https://mokanco.com/contact/,1
Moka and Co,cafe,osm:node:4854334139,support@mokanco.com,public_business_contact_candidate,corporate_shared_inbox,https://mokanco.com/contact/,1
Monahan's Seafood Market,restaurant,osm:node:14062204309,info@monahansseafood.com,public_business_contact_candidate,source_review_required,https://monahansseafood.com/,1
Monty's Public House,bar,osm:node:8779519247,info@montyspuba2.com,public_business_contact_candidate,source_review_required,"https://montyspuba2.com/,https://montyspuba2.com/contact-us/",1
Mujo Cafe,cafe,osm:way:1287761527,mujocafe-duderstadt@umich.edu,institutional_location,corporate_shared_inbox,https://dining.umich.edu/menus-locations/cafes/mujo-cafe/,1
Nagomi Sushi & Korean BBQ,restaurant,osm:node:3062453855,nagomisushimi@gmail.com,public_business_contact_candidate,source_review_required,https://www.eatatnagomi.com/,1
Noori Chicken,restaurant,osm:node:4908018723,noorichickenannarbor@gmail.com,public_business_contact_candidate,source_review_required,https://noorichickenannarbor.com/,1
North Star Lounge,bar,osm:node:12955269101,northstarloungea2@gmail.com,public_business_contact_candidate,source_review_required,https://www.nstarlounge.com/aboutus,1
Nothing Bundt Cakes,restaurant,osm:node:13900128953,annarbor@nothingbundtcakes.com,public_business_contact_candidate,source_review_required,https://www.nothingbundtcakes.com/find-a-bakery/mi/annarbor/,1
Nothing Bundt Cakes,restaurant,osm:node:13900128953,wecare@nothingbundtcakes.com,public_business_contact_candidate,corporate_shared_inbox,https://www.nothingbundtcakes.com/contact/,1
Old Town Tavern,bar,osm:node:4353344866,infooldtowntavern@gmail.com,public_business_contact_candidate,source_review_required,https://www.oldtownaa.com/contact,1
Olga's Kitchen,restaurant,osm:way:407590396,guestinfo@olgaskitchen.com,public_business_contact_candidate,corporate_shared_inbox,https://www.olgas.com/about-olgas-mediterranean-kitchen/,1
Paesano Restaurant - Wine Bar,restaurant,osm:way:385619019,cateringpaesano@gmail.com,events_or_reservations,source_review_required,https://www.paesanoannarbor.com/,1
Paesano Restaurant - Wine Bar,restaurant,osm:way:385619019,paesanobilling@gmail.com,public_business_contact_candidate,source_review_required,https://www.paesanoannarbor.com/,1
Paesano Restaurant - Wine Bar,restaurant,osm:way:385619019,paesanogm@gmail.com,public_business_contact_candidate,source_review_required,https://www.paesanoannarbor.com/,1
Peridot,restaurant,osm:node:4787322483,info@peridota2.com,public_business_contact_candidate,source_review_required,"https://www.peridota2.com/,https://www.peridota2.com/about,https://www.peridota2.com/contact",1
Pita Express,restaurant,osm:way:1278920663,kalebkasham@gmail.com,published_business_contact,location_identity_review_required,https://thepitaexpress.com/places/ypsilanti,1
Pizza Bob's,restaurant,osm:node:3407102034,nathanpi@pizzabobs.net,public_business_contact_candidate,location_identity_review_required,https://www.pizzabobs.net/,1
Pizza Bob's,restaurant,osm:node:3407102034,pizza.bobs.a2@gmail.com,public_business_contact_candidate,source_review_required,https://www.pizzabobs.net/about-us,1
Pizza Pazza,restaurant,osm:node:5323881253,jeggnog@yahoo.com,public_business_contact_candidate,source_review_required,https://pizzapazzaa2.com/,1
Pretzel Bell,restaurant,osm:node:4787322469,manager@thepretzelbell.com,public_business_contact_candidate,source_review_required,https://www.thepretzelbell.com/,1
Q Bakehouse & Market,cafe,osm:node:13298659984,hello@qannarbor.com,public_business_contact_candidate,source_review_required,"https://www.qannarbor.com/,https://www.qannarbor.com/about,https://www.qannarbor.com/contact",1
Qahwah House Ann Arbor,cafe,osm:node:3465693327,coffee@qahwahhouse.com,public_business_contact_candidate,corporate_shared_inbox,"https://qahwahhouse.com/,https://qahwahhouse.com/about-us,https://qahwahhouse.com/contact-us,https://qahwahhouse.com/locations",1
Rappourt,bar,osm:node:13276607054,rappourt@gmail.com,public_business_contact_candidate,source_review_required,"https://www.rappourt.com/,https://www.rappourt.com/about-1,https://www.rappourt.com/contact-1",1
Rawaq Cafe,cafe,osm:way:460460311,rawaqcoffeellc@gmail.com,business_general,published_contact_only,https://rawaqcoffee.com/contact/,1
Recess Work & Play Cafe,cafe,osm:node:13298141033,hello@recess.cafe,public_business_contact_candidate,source_review_required,https://www.recess.cafe/contact,1
Ricewood,restaurant,osm:node:11619324038,catering@ricewoodbbq.com,events_or_reservations,source_review_required,https://ricewoodbbq.com/contact/,2
Ricewood,restaurant,osm:node:13877580401,catering@ricewoodbbq.com,events_or_reservations,source_review_required,https://ricewoodbbq.com/contact/,2
Rocket Fizz,dessert,osm:node:13550897515,info@rocketfizz.com,public_business_contact_candidate,corporate_shared_inbox,https://rocketfizz.com/about-rocket-fizz/,1
Rocket Fizz,dessert,osm:node:13550897515,rocketfizzaa@gmail.com,public_business_contact_candidate,source_review_required,https://rocketfizz.com/locations/arbor-mi/,1
Roos Roast,cafe,osm:node:3218362650,people@roosroast.com,business_general_and_catering,corporate_shared_inbox,https://www.roosroast.com/pages/contact,2
RoosRoast Coffee,cafe,osm:node:4848486388,people@roosroast.com,business_general_and_catering,corporate_shared_inbox,https://www.roosroast.com/pages/contact,2
Saica,restaurant,osm:node:3064374713,saicaus@gmail.com,public_business_contact_candidate,source_review_required,https://saicarestaurant.com/,1
Saigon Kitchen & Bar,restaurant,osm:node:9092417186,tastekitchena2@gmail.com,public_business_contact_candidate,location_identity_review_required,"https://www.saigona2.com/,https://www.saigona2.com/contact-us",1
Satchel's BBQ,restaurant,osm:node:5788925521,hugh@satchelsbbq.com,public_business_contact_candidate,source_review_required,"https://www.satchelsbbq.com/,https://www.satchelsbbq.com/about-us,https://www.satchelsbbq.com/contact,https://www.satchelsbbq.com/satchels-on-washtenaw",1
Sava's,restaurant,osm:node:2742714786,events@savasannarbor.com,events_or_reservations,source_review_required,https://www.savasannarbor.com/contact,1
Sava's,restaurant,osm:node:2742714786,info@savasannarbor.com,public_business_contact_candidate,source_review_required,"https://www.savasannarbor.com/,https://www.savasannarbor.com/about,https://www.savasannarbor.com/contact",1
Sava's,restaurant,osm:node:2742714786,reservations@savasannarbor.com,events_or_reservations,source_review_required,https://www.savasannarbor.com/contact,1
Scorekeepers,bar,osm:node:2887795514,scorekeepers@gmail.com,public_business_contact_candidate,source_review_required,"http://scorekeepersa2.com/,http://scorekeepersa2.com/about-us/",1
Seva,restaurant,osm:node:4395585357,info.annarbor@sevarestaurant.com,public_business_contact_candidate,source_review_required,"https://sevarestaurant.com/ann-arbor-1,https://sevarestaurant.com/contact-seva",1
Shalimar,restaurant,osm:node:2760098967,annarbor.shalimar@gmail.com,public_business_contact_candidate,source_review_required,"https://www.shalimarrestaurant.com/,https://www.shalimarrestaurant.com/about/,https://www.shalimarrestaurant.com/contact/",1
Shalimar,restaurant,osm:node:2760098967,shalimaraa@outlook.com,public_business_contact_candidate,location_identity_review_required,"https://www.shalimarrestaurant.com/,https://www.shalimarrestaurant.com/about/,https://www.shalimarrestaurant.com/contact/",1
Sharetea,cafe,osm:node:2874423483,service@1992sharetea.com,public_business_contact_candidate,corporate_shared_inbox,"https://www.1992sharetea.com/,https://www.1992sharetea.com/about-us,https://www.1992sharetea.com/franchise",1
Slows Bar BQ,restaurant,osm:node:6190446525,manager@slowsannarbor.com,public_business_contact_candidate,source_review_required,https://slowsannarbor.com/,2
Slurping Turtle,restaurant,osm:node:2874452534,events@slurpingturtle.com,events_or_reservations,source_review_required,http://slurpingturtle.com/annarbor,1
Slurping Turtle,restaurant,osm:node:2874452534,info@slurpingturtle.com,public_business_contact_candidate,source_review_required,http://slurpingturtle.com/annarbor,1
Songbird Café,cafe,osm:node:12636388315,thesongbirdcafe@gmail.com,public_business_contact_candidate,source_review_required,"https://www.thesongbirdcafeannarbor.com/contact-us,https://www.thesongbirdcafeannarbor.com/northside",1
Spencer,restaurant,osm:node:12545051768,reservations@spencerannarbor.com,events_or_reservations,source_review_required,"https://www.spencerannarbor.com/,https://www.spencerannarbor.com/location",1
Spiedo,restaurant,osm:way:453625321,yes@spiedoa2.com,public_business_contact_candidate,source_review_required,https://www.spiedoa2.com/,1
Star’s Cafe,restaurant,osm:node:7009807552,info@starscafeannarbor.com,public_business_contact_candidate,source_review_required,https://www.starscafeannarbor.com/,1
SweetING,cafe,osm:way:1278920705,sweetingbriarwood@gmail.com,location_business,published_contact_only,https://www.sweetingteas.com/order854-briarwood-cir/,1
Sweetgreen,fast_food,osm:node:3908803756,hello@sweetgreen.com,corporate_support,corporate_shared_inbox,https://www.sweetgreen.com/terms,1
Sweetwaters,cafe,osm:node:11101910991,info@sweetwaterscafe.com,corporate,corporate_shared_inbox,https://www.sweetwaterscafe.com/privacy-policy/,2
Sweetwaters Coffee & Tea,cafe,osm:node:2623064649,info@sweetwaterscafe.com,corporate,corporate_shared_inbox,https://www.sweetwaterscafe.com/privacy-policy/,2
Taste of India Suvai,restaurant,osm:node:2344584614,suvai217@gmail.com,public_business_contact_candidate,source_review_required,"https://tasteofindiasuvai.com/,https://tasteofindiasuvai.com/about-us/,https://tasteofindiasuvai.com/contact-us/",1
Tasty Bakery,bakery,osm:node:5000345073,julie@tastysansgluten.com,public_business_contact_candidate,source_review_required,"https://www.tastysansgluten.com/,https://www.tastysansgluten.com/about-us,https://www.tastysansgluten.com/contact-us",1
Tasty Bakery,bakery,osm:node:5000345073,ran@tastysansgluten.com,public_business_contact_candidate,source_review_required,"https://www.tastysansgluten.com/,https://www.tastysansgluten.com/about-us,https://www.tastysansgluten.com/contact-us",1
TeaHaus,cafe,osm:node:4997286409,events@teahaus.com,events_or_reservations,source_review_required,"https://teahaus.com/pages/visit-us-and-contact-information,https://teahaus.com/pages/visit-us-in-ann-arbor",1
TeaHaus,cafe,osm:node:4997286409,lisa@teahaus.com,public_business_contact_candidate,source_review_required,"https://teahaus.com/pages/visit-us-and-contact-information,https://teahaus.com/pages/visit-us-in-ann-arbor",1
TeaHaus,cafe,osm:node:4997286409,orders@teahaus.com,public_business_contact_candidate,source_review_required,"https://teahaus.com/pages/visit-us-and-contact-information,https://teahaus.com/pages/visit-us-in-ann-arbor",1
Texas de Brazil,restaurant,osm:way:340028219,customerrelations@texasdebrazil.com,public_business_contact_candidate,corporate_shared_inbox,https://texasdebrazil.com/contact/,1
The Black Pearl,restaurant,osm:node:2760098974,info@blackpearlannarbor.com,public_business_contact_candidate,source_review_required,"https://www.blackpearlannarbor.com/,https://www.blackpearlannarbor.com/about,https://www.blackpearlannarbor.com/contact-us",2
The Blind Pig / 8 Ball Saloon,bar,osm:node:9654398264,jason@goodshowlive.com,public_business_contact_candidate,location_identity_review_required,https://blindpigmusic.com/contact/,1
The Chop House,restaurant,osm:node:4854332819,xgudejko@msventures.net,public_business_contact_candidate,source_review_required,"https://thechophouserestaurant.com,https://thechophouserestaurant.com/",1
The Earle,restaurant,osm:node:2344584598,downtown@theearle.com,public_business_contact_candidate,source_review_required,"https://www.theearle.com/,https://www.theearle.com/contactus,https://www.theearle.com/location",1
The Hen on the Fly,restaurant,osm:way:329397130,hello@theheneats.com,public_business_contact_candidate,source_review_required,"https://www.theheneats.com/locations/hen-on-the-fly,https://www.theheneats.com/locations/the-hen-ann-arbor,https://www.theheneats.com/locations/the-hen-at-valor",1
The Jefferson Market,cafe,osm:node:4675478273,jefferson@thejeffersonmarket.com,public_business_contact_candidate,source_review_required,https://www.thejeffersonmarket.com/,1
The Last Word,bar,osm:node:7015913462,info@thelastword.com,public_business_contact_candidate,source_review_required,https://thelastword.com/about,1
The Lunch Room Bakery & Cafe,restaurant,osm:node:6988552360,thelunchrooma2@gmail.com,public_business_contact_candidate,source_review_required,https://thelunchrooma2.com/contact-1,2
The Lunch Room Bakery & Cafe,restaurant,osm:node:6988552360,thelunchroombakery@gmail.com,public_business_contact_candidate,source_review_required,https://thelunchrooma2.com/bakery-cafe,2
The Session Room,restaurant,osm:way:445952981,info@sessionrooma2.com,general_business_unconfirmed,location_identity_review_required,https://nextdoor.com/pages/session-room-ann-arbor-mi/,1
The West End Grill,restaurant,osm:node:4787322484,gm.westendgrill@gmail.com,public_business_contact_candidate,source_review_required,https://www.westendgrillannarbor.com/,1
Tios Mexican Cafe,restaurant,osm:node:1023694336,info@tiosmexicancafe.com,public_business_contact_candidate,source_review_required,"https://tiosa2.com/,https://tiosa2.com/about,https://tiosa2.com/contact",1
Tmaz Taqueria Dexter,fast_food,osm:node:5884219888,tacosasada@yahoo.com,general_business,corporate_shared_inbox,https://sites.google.com/ebonyiris.com/tmaztaqueria/contact-us,1
Tomukun Korean BBQ / Noodle Bar,restaurant,osm:node:2742714802,management@tomukun.com,public_business_contact_candidate,source_review_required,"https://www.tomukun.com/,https://www.tomukun.com/about,https://www.tomukun.com/contact",1
Union Rec,restaurant,osm:node:10268450829,info@unionrec.com,public_business_contact_candidate,source_review_required,https://www.unionrec.com/,1
Uplift,bar,osm:node:13766745801,drag@upliftannarbor.com,public_business_contact_candidate,source_review_required,https://www.upliftannarbor.com/,1
Uplift,bar,osm:node:13766745801,events@upliftannarbor.com,events_or_reservations,source_review_required,https://www.upliftannarbor.com/,1
Uplift,bar,osm:node:13766745801,team@upliftannarbor.com,public_business_contact_candidate,source_review_required,https://www.upliftannarbor.com/,1
Uptown Coney Island,restaurant,osm:node:14047313124,cboutsik@gmail.com,public_business_contact_candidate,source_review_required,"https://uptownconey.com/,https://uptownconey.com/ann-arbor",1
Venue by 4M,restaurant,osm:way:328499868,hello@experience4m.com,public_business_contact_candidate,source_review_required,"https://www.experience4m.com/,https://www.experience4m.com/contact/,https://www.experience4m.com/location/venue-4m/",1
Vertex Coffee Roasters,cafe,osm:node:4908016618,kara@vertex-coffee.com,public_business_contact_candidate,source_review_required,https://www.vertex-coffee.com/contact,1
Weber's Restaurant,restaurant,osm:node:5876689815,restaurant@webersannarbor.com,public_business_contact_candidate,source_review_required,https://www.webersrestaurant.com/contact-hours/,1
White Castle,fast_food,osm:way:348030727,loyalsup@whitecastle.com,corporate_loyalty_support,corporate_shared_inbox,https://whitecastle.com/rewards/,1
YORK Food & Drink,cafe,osm:node:11816965075,ethan.kaplan@morganandyork.com,public_business_contact_candidate,source_review_required,"https://www.yorka2.com/,https://www.yorka2.com/contact,https://www.yorka2.com/our-story",1
YORK Food & Drink,cafe,osm:node:11816965075,info@yorka2.com,public_business_contact_candidate,source_review_required,"https://www.yorka2.com/,https://www.yorka2.com/contact,https://www.yorka2.com/our-story",1
Yotsuba,restaurant,osm:node:2758425149,contactus@yotsuba-restaurant.com,public_business_contact_candidate,source_review_required,https://yotsuba-restaurant.com/contact/,1
Yotsuba,restaurant,osm:node:2758425149,yotsuba48105@gmail.com,public_business_contact_candidate,location_identity_review_required,https://yotsuba-restaurant.com/contact/,1
Zingerman's Bakehouse,bakery,osm:node:28991808,bhweb@zingermans.com,public_business_contact_candidate,source_review_required,https://www.zingermansbakehouse.com/contact/,1
Zingerman's Coffee Company,cafe,osm:node:4029305342,email@zingermans.com,public_business_contact_candidate,source_review_required,"https://www.zingermanscoffee.com/about-us/,https://www.zingermanscoffee.com/contact-us/",1
Zingerman's Deli,restaurant,osm:node:12552300476,deli@zingermans.com,general_business_contact,published_contact_only,"https://shop.zingermansdeli.com/,https://www.zingermansdeli.com/contact-us/",2
Zingerman's Deli,restaurant,osm:node:12552300476,delinews@zingermans.com,public_business_contact_candidate,source_review_required,https://www.zingermansdeli.com/contact-us/,1
Zingerman's Next Door Café,cafe,osm:node:12552300477,deli@zingermans.com,shared_business_contact,corporate_shared_inbox,https://shop.zingermansdeli.com/,2
Zingerman's Roadhouse,restaurant,osm:way:404262092,roadhouse@zingermans.com,public_business_contact_candidate,source_review_required,"https://www.zingermansroadhouse.com/,https://www.zingermansroadhouse.com/catering-inquiry/,https://www.zingermansroadhouse.com/contact-us/",1
mash,bar,osm:node:6190446526,manager@slowsannarbor.com,management,location_identity_review_required,https://slowsannarbor.com/,2
